{
  "instruction": "make leg1 20mm longer",
  "z_src": [
    [
      -0.736920952796936,
      -0.4189523160457611,
      0.3649875521659851,
      0.45223724842071533,
      -0.15232816338539124,
      0.048154719173908234,
      -0.40212953090667725,
      -0.015930648893117905,
      -0.29663291573524475,
      -0.6239476799964905,
      -0.16507822275161743,
      0.860945463180542,
      0.4520857036113739,
      -0.3994460105895996,
      -0.12662246823310852,
      0.022807076573371887
    ]
  ],
  "z_edited": [
    [
      -0.6310984492301941,
      -0.34581413865089417,
      0.2894652485847473,
      0.46737709641456604,
      -0.12373249232769012,
      0.024186929687857628,
      -0.344382643699646,
      0.0017942115664482117,
      -0.31111401319503784,
      -0.5450865030288696,
      -0.10710988193750381,
      0.7671716213226318,
      0.3965414762496948,
      -0.42171308398246765,
      -0.16011792421340942,
      -0.04711282253265381
    ]
  ],
  "delta_z": [
    [
      0.10582248866558075,
      0.07313818484544754,
      -0.07552230358123779,
      0.01513984426856041,
      0.02859567292034626,
      -0.023967789486050606,
      0.05774688720703125,
      0.017724860459566116,
      -0.014481103047728539,
      0.07886119931936264,
      0.05796834081411362,
      -0.09377383440732956,
      -0.05554421246051788,
      -0.02226707898080349,
      -0.033495448529720306,
      -0.0699198991060257
    ]
  ],
  "delta_norm": 0.23599965870380402,
  "original_params": {
    "leg1_length": 132.685546875,
    "leg2_length": 93.04170227050781,
    "width": 47.245723724365234,
    "thickness": 7.591104984283447,
    "hole1_distance": 61.89513397216797,
    "hole1_diameter": 8.026453018188477,
    "hole2_distance": 42.889060974121094,
    "hole2_diameter": 8.016904830932617
  },
  "edited_params": {
    "leg1_length": 130.93154907226562,
    "leg2_length": 96.52682495117188,
    "width": 46.81487274169922,
    "thickness": 7.557284355163574,
    "hole1_distance": 60.883140563964844,
    "hole1_diameter": 7.994897365570068,
    "hole2_distance": 44.407283782958984,
    "hole2_diameter": 7.982996940612793
  }
}