{
  "instruction": "make leg1 20mm longer",
  "z_src": [
    [
      -0.44111692905426025,
      -0.27601373195648193,
      -0.4054572284221649,
      0.7840836048126221,
      0.26433295011520386,
      0.7596495747566223,
      -0.4575086534023285,
      0.8444209694862366,
      -0.8548198938369751,
      -0.6346786618232727,
      0.534382164478302,
      0.16466155648231506,
      0.2958991825580597,
      0.23932695388793945,
      0.48352134227752686,
      -0.36927878856658936
    ]
  ],
  "z_edited": [
    [
      -0.5215096473693848,
      -0.37416571378707886,
      -0.2824404239654541,
      0.857993483543396,
      0.38579970598220825,
      0.8379238843917847,
      -0.5606278777122498,
      0.8835484981536865,
      -0.9249016046524048,
      -0.697172999382019,
      0.6359207034111023,
      0.28128793835639954,
      0.4130200743675232,
      0.350899875164032,
      0.5658702254295349,
      -0.21916723251342773
    ]
  ],
  "delta_z": [
    [
      -0.08039271831512451,
      -0.09815196692943573,
      0.12301680445671082,
      0.07390990853309631,
      0.1214667409658432,
      0.07827433943748474,
      -0.10311923921108246,
      0.03912753611803055,
      -0.07008172571659088,
      -0.06249430775642395,
      0.1015385165810585,
      0.11662638932466507,
      0.1171208992600441,
      0.11157292127609253,
      0.08234889805316925,
      0.15011155605316162
    ]
  ],
  "delta_norm": 0.39742621779441833,
  "original_params": {
    "leg1_length": 138.0042724609375,
    "leg2_length": 98.54440307617188,
    "width": 44.81615447998047,
    "thickness": 7.3854851722717285,
    "hole1_distance": 68.35662078857422,
    "hole1_diameter": 7.961522102355957,
    "hole2_distance": 46.09242248535156,
    "hole2_diameter": 7.979757308959961
  },
  "edited_params": {
    "leg1_length": 154.9225616455078,
    "leg2_length": 100.28660583496094,
    "width": 36.12054443359375,
    "thickness": 7.609557628631592,
    "hole1_distance": 72.85385131835938,
    "hole1_diameter": 7.869034290313721,
    "hole2_distance": 46.537662506103516,
    "hole2_diameter": 7.940462589263916
  }
}