{
  "train": [
    {
      "epoch": 10,
      "loss": 0.006560258885678923,
      "delta_mse": 0.006560258885678923,
      "delta_l1": 0.0
    }
  ],
  "val": [
    {
      "epoch": 10,
      "loss": 0.005791337620702689,
      "delta_mse": 0.005791337620702689,
      "delta_l1": 0.0,
      "delta_mae": 0.03635685168243945,
      "delta_norm_error": 0.136517089484632
    }
  ]
}