{
  "instruction": "make leg1 longer",
  "z_src": [
    [
      -0.13503025472164154,
      -0.814236581325531,
      -0.7622394561767578,
      -0.6506271362304688,
      -0.19104835391044617,
      0.26875168085098267,
      0.11074858903884888,
      0.710395336151123,
      0.5429500937461853,
      0.8217507600784302,
      0.8041250109672546,
      -0.1746092140674591,
      0.1493901014328003,
      0.8097822070121765,
      0.4084624648094177,
      0.31520864367485046,
      -0.6037994623184204,
      -0.6464875340461731,
      -0.6699762940406799,
      -0.42683953046798706,
      0.7091063261032104,
      0.7854458689689636,
      0.3315148949623108,
      0.7729984521865845,
      0.5439825057983398,
      -0.6262140274047852,
      1.0636141300201416,
      -0.232988178730011,
      -0.22323553264141083,
      -0.034934502094984055,
      0.09446285665035248,
      -0.2704256474971771
    ]
  ],
  "z_edited": [
    [
      -0.13683536648750305,
      -0.8141663670539856,
      -0.7625709176063538,
      -0.6503437161445618,
      -0.19094626605510712,
      0.26857274770736694,
      0.11218836903572083,
      0.7102981805801392,
      0.5431375503540039,
      0.8210316896438599,
      0.8042212724685669,
      -0.1741548776626587,
      0.14902159571647644,
      0.809786319732666,
      0.40890395641326904,
      0.3159269690513611,
      -0.604640007019043,
      -0.6456390619277954,
      -0.6701183319091797,
      -0.4261609613895416,
      0.7093630433082581,
      0.7848488688468933,
      0.3309903144836426,
      0.7732877731323242,
      0.543860912322998,
      -0.6266172528266907,
      1.0622345209121704,
      -0.2335401326417923,
      -0.22334995865821838,
      -0.03549474477767944,
      0.09416231513023376,
      -0.2708774209022522
    ]
  ],
  "delta_z": [
    [
      -0.001805115956813097,
      7.022405043244362e-05,
      -0.00033148122020065784,
      0.0002833910402841866,
      0.00010208156891167164,
      -0.00017893000040203333,
      0.0014397790655493736,
      -9.717659850139171e-05,
      0.00018745684064924717,
      -0.0007190592586994171,
      9.627919644117355e-05,
      0.00045433419290930033,
      -0.00036850455217063427,
      4.0978193283081055e-06,
      0.0004414909053593874,
      0.0007183384150266647,
      -0.0008405456319451332,
      0.0008484658319503069,
      -0.00014202576130628586,
      0.0006785729783587158,
      0.0002566977636888623,
      -0.0005970222409814596,
      -0.0005245946813374758,
      0.000289341202005744,
      -0.00012158253230154514,
      -0.0004031981807202101,
      -0.0013795881532132626,
      -0.0005519537371583283,
      -0.000114422757178545,
      -0.0005602443125098944,
      -0.00030054408125579357,
      -0.0004517810884863138
    ]
  ],
  "delta_norm": 0.0035899830982089043,
  "original_params": {
    "leg1_length": 79.36922454833984,
    "leg2_length": 50.28807830810547,
    "width": 20.0,
    "thickness": 5.0
  },
  "edited_params": {
    "leg1_length": 79.39482116699219,
    "leg2_length": 50.283111572265625,
    "width": 20.0,
    "thickness": 5.0
  },
  "regressor_type": "feature"
}