{
  "instruction": "make leg1 20mm longer",
  "z_src": [
    [
      0.3789854049682617,
      -0.033115070313215256,
      0.6530745029449463,
      -0.6682137846946716,
      0.07569874078035355,
      0.2432495653629303,
      -0.15585148334503174,
      -0.06148785352706909,
      -0.2039172500371933,
      -0.2703927457332611,
      -0.6064635515213013,
      0.47182580828666687,
      0.3641888499259949,
      -0.1540176272392273,
      -0.6709421277046204,
      -0.6552715301513672,
      0.25165873765945435,
      0.5436794757843018,
      0.6475416421890259,
      -0.7155423760414124,
      -0.2490251362323761,
      0.004549585282802582,
      -0.005136605352163315,
      -0.5282189846038818,
      -0.3118933439254761,
      0.5726978778839111,
      0.19489619135856628,
      -0.4461863040924072,
      -0.230344757437706,
      -0.5217556953430176,
      -0.6578148603439331,
      -0.2581079602241516
    ]
  ],
  "z_edited": [
    [
      0.3789854049682617,
      -0.033115070313215256,
      0.6530745029449463,
      -0.6682137846946716,
      0.07569874078035355,
      0.2432495653629303,
      -0.15585148334503174,
      -0.06148785352706909,
      -0.2039172500371933,
      -0.2703927457332611,
      -0.6064635515213013,
      0.47182580828666687,
      0.3641888499259949,
      -0.1540176272392273,
      -0.6709421277046204,
      -0.6552715301513672,
      0.25165873765945435,
      0.5436794757843018,
      0.6475416421890259,
      -0.7155423760414124,
      -0.2490251362323761,
      0.004549585282802582,
      -0.005136605352163315,
      -0.5282189846038818,
      -0.3118933439254761,
      0.5726978778839111,
      0.19489619135856628,
      -0.4461863040924072,
      -0.230344757437706,
      -0.5217556953430176,
      -0.6578148603439331,
      -0.2581079602241516
    ]
  ],
  "delta_z": [
    [
      0.0,
      0.0,
      0.0,
      0.0,
      0.0,
      0.0,
      0.0,
      0.0,
      0.0,
      0.0,
      0.0,
      0.0,
      0.0,
      0.0,
      0.0,
      0.0,
      0.0,
      0.0,
      0.0,
      0.0,
      0.0,
      0.0,
      0.0,
      0.0,
      0.0,
      0.0,
      0.0,
      0.0,
      0.0,
      0.0,
      0.0,
      0.0
    ]
  ],
  "delta_norm": 0.0,
  "original_params": {
    "leg1_length": 169.53668212890625,
    "leg2_length": 116.79777526855469,
    "width": 40.70207977294922,
    "thickness": 7.490883827209473
  },
  "edited_params": {
    "leg1_length": 169.53668212890625,
    "leg2_length": 116.79777526855469,
    "width": 40.70207977294922,
    "thickness": 7.490883827209473
  },
  "regressor_type": "latent"
}